NhPq3hcq,https://radio.garden/visit/troy-pa/NhPq3hcq,https://radio.garden/api/ara/content/listen/xyHknhcT/channel.mp3?r=1&1683172073800
QHAZvj8i,https://radio.garden/visit/muzquiz-municipality/QHAZvj8i,http://radio.garden/api/ara/content/listen/ojsp_nvK/channel.mp3?r=1&1683172102200
XxPHUR21,https://radio.garden/visit/tenancingo/XxPHUR21,https://radio.garden/api/ara/content/listen/x3faho_f/channel.mp3?r=1&1683172125209
F296vVMO,https://radio.garden/visit/tucker-ga/F296vVMO,https://radio.garden/api/ara/content/listen/dC-CDkdb/channel.mp3?r=1&1683172146426
xgHOvC-g,https://radio.garden/visit/comalcalco/xgHOvC-g,https://radio.garden/api/ara/content/listen/R60xOWAP/channel.mp3?r=1&1683172187783
Ywfr2mIy,https://radio.garden/visit/mochicahui/Ywfr2mIy,https://radio.garden/api/ara/content/listen/5RjxH8zd/channel.mp3?r=1&1683172216449
8NS-C4jz,https://radio.garden/visit/vienna-va/8NS-C4jz,http://radio.garden/api/ara/content/listen/XhysC8Df/channel.mp3?r=1&1683172263702
C1pv5WHf,https://radio.garden/visit/viroqua-wi/C1pv5WHf,https://radio.garden/api/ara/content/listen/C8k15jVG/channel.mp3?r=1&1683172289346
DIj9UV3n,https://radio.garden/visit/visalia-ca/DIj9UV3n,https://radio.garden/api/ara/content/listen/uQfEVVDR/channel.mp3?r=1&1683172313977
kBsT3n53,https://radio.garden/visit/san-pedro-zictepec/kBsT3n53,https://radio.garden/api/ara/content/listen/d4YKMRtE/channel.mp3?r=1&1683172338347
Bp6a0fI2,https://radio.garden/visit/berlin-ct/Bp6a0fI2,https://radio.garden/api/ara/content/listen/Fvdezkg2/channel.mp3?r=1&1683172361486
0DX13G1r,https://radio.garden/visit/rio-grande/0DX13G1r,https://radio.garden/api/ara/content/listen/0bCA6IAf/channel.mp3?r=1&1683172387304
0H75X7UO,https://radio.garden/visit/texcoco/0H75X7UO,https://radio.garden/api/ara/content/listen/EviahNEc/channel.mp3?r=1&1683172413587
QoxQPosM,https://radio.garden/visit/la-riviere/QoxQPosM,https://radio.garden/api/ara/content/listen/uLrwkPHc/channel.mp3?r=1&1683172531859
4cRJcGb5,https://radio.garden/visit/san-martin-de-las-piramides/4cRJcGb5,https://radio.garden/api/ara/content/listen/w366g8_m/channel.mp3?r=1&1683172589385
0Duu13zC,https://radio.garden/visit/cheran/0Duu13zC,https://radio.garden/api/ara/content/listen/GIyzFPU7/channel.mp3?r=1&1683172654664
mfJuPv8D,https://radio.garden/visit/asuncion-nochixtlan/mfJuPv8D,https://radio.garden/api/ara/content/listen/9GfFMppp/channel.mp3?r=1&1683172684000
xnQkXjUQ,https://radio.garden/visit/louga/xnQkXjUQ,https://radio.garden/api/ara/content/listen/TRwpR8Yl/channel.mp3?r=1&1683172702603
Ni5QUsHW,https://radio.garden/visit/huetamo/Ni5QUsHW,https://radio.garden/api/ara/content/listen/LBHf51oS/channel.mp3?r=1&1683172729243
_qpsmYeN,https://radio.garden/visit/ciudad-altamirano/_qpsmYeN,https://radio.garden/api/ara/content/listen/Bh4EEFNv/channel.mp3?r=1&1683172752873
ax8wBKCY,https://radio.garden/visit/queseria/ax8wBKCY,https://radio.garden/api/ara/content/listen/WPAwuJoT/channel.mp3?r=1&1683172779448
PcayRsPm,https://radio.garden/visit/presidencia-roque-saenz-pena/PcayRsPm,https://radio.garden/api/ara/content/listen/zxVWoviR/channel.mp3?r=1&1683172827918
vIx_qbv4,https://radio.garden/visit/diadema-sp/vIx_qbv4,http://radio.garden/api/ara/content/listen/A5oFXC04/channel.mp3?r=1&1683172869084
I9k_3New,https://radio.garden/visit/zumpango/I9k_3New,https://radio.garden/api/ara/content/listen/Qi9oMtVT/channel.mp3?r=1&1683172907546
